tier,score,ipcc_year,ipcc_title,corpus_year,corpus_title
doi,100.0,2021.0,Climate change and the future productivity and distribution of crab in the Bering Sea,2021.0,climate change and the future productivity and distribution of crab in the bering sea
doi,100.0,2018.0,Vulnerability of Cape Fold Ecoregion freshwater fishes to climate change and other human impacts,2018.0,vulnerability of cape fold ecoregion freshwater fishes to climate change and other human impacts
doi,100.0,2019.0,The potential to reduce uncertainty in regional runoff projections from climate models,2019.0,the potential to reduce uncertainty in regional runoff projections from climate models
doi,100.0,2019.0,Advances in seasonal thermal energy storage for solar district heating applications: A critical review on large-scale hot-water tank and pit thermal energy storage systems,2019.0,advances in seasonal thermal energy storage for solar district heating applications a critical review on large scale hot water tank and pit thermal energy storage systems
doi,100.0,2012.0,Financing climate-friendly energy development through bonds,2012.0,financing climate friendly energy development through bonds
doi,100.0,2020.0,"Changes in higher trophic level productivity, diversity and niche space in a rapidly warming continental shelf ecosystem",2020.0,changes in higher trophic level productivity diversity and niche space in a rapidly warming continental shelf ecosystem
doi,100.0,2015.0,The 2001-03 Famine and the Dynamics of HIV in Malawi: A Natural Experiment,2015.0,the 2001 03 famine and the dynamics of hiv in malawi a natural experiment
doi,100.0,2012.0,Human-induced global ocean warming on multidecadal timescales,2012.0,human induced global ocean warming on a multidecadal timescales
fuzzy,100.0,2015.0,Public Opinion on Climate Change,2014.0,mass media coverage on climate change issues and public opinion in japan
fuzzy,100.0,2015.0,Sendai Framework for Disaster Risk Reduction,2016.0,reflections on a science and technology agenda for 21st century disaster risk reduction based on the scientific content of the 2016 unisdr science and technology conference on the implementation of the sendai framework for disaster risk reduction 2015 2030
fuzzy,100.0,2016.0,Mediating Climate Change,2017.0,impact of socio demographic factors on the mitigating actions for climate change a path analysis with mediating effects of attitudinal variables
fuzzy,100.0,,Great Barrier Reef,1997.0,strontium calcium ratios in modern porites corals from the great barrier reef as a proxy for sea surface temperature calibration of the thermometer and monitoring of enso
fuzzy,100.0,2020.0,Electrified Aircraft Propulsion,2021.0,comparison of electrified aircraft propulsion drive systems with different electric motor topologies
fuzzy,100.0,2018.0,Southern Great Plains,2018.0,enteric methane emissions of beef cows grazing tallgrass prairie pasture on the southern great plains
fuzzy,100.0,2013.0,Bridging the gap between science and decision making,2014.0,bridging the gap between end user needs and science capability decision making under uncertainty
fuzzy,100.0,,Murray Darling Basin Plan,2016.0,ecosystem restoration in the murray darling basin australia the challenge for the basin plan
title,95.0,2015.0,Overview of challenges and achievements in the climate adaptation of cities and in the Climate Proof Cities program,2015.0,overview of challenges and achievements in the climate adaptation of cities and in the climate proof cities program
title,95.0,2021.0,Urban greenspace as a climate change adaptation strategy for subtropical Asian cities: A comparative study across cities in three countries,2021.0,urban greenspace as a climate change adaptation strategy for subtropical asian cities a comparative study across cities in three countries
title,95.0,1995.0,Iceberg Discharges into the North Atlantic on Millennial Time Scales During the Last Glaciation,1995.0,iceberg discharges into the north atlantic on millennial time scales during the last glaciation
title,95.0,2011.0,Plant species vulnerability to climate change in Peninsular Thailand,2011.0,plant species vulnerability to climate change in peninsular thailand
title,95.0,2021.0,Glacial change and hydrological implications in the Himalaya and Karakoram,2021.0,glacial change and hydrological implications in the himalaya and karakoram
title,95.0,2018.0,Environmental sustainability assessment of hydropower plant in Europe using life cycle assessment,2018.0,environmental sustainability assessment of hydropower plant in europe using life cycle assessment
title,95.0,2014.0,Transforming U.S. Energy Innovation,2014.0,transforming u s energy innovation
title,95.0,2021.0,Changes in precipitation and air temperature contribute comparably to permafrost degradation in a warmer climate,2021.0,changes in precipitation and air temperature contribute comparably to permafrost degradation in a warmer climate
