topic,top_words,docs_equiv,n_cited_docs,ipcc_cites_total,score_wg1,score_wg2,score_wg3,wg1_share,wg2_share,wg3_share,primary_wg
0,inf pco elevate oxide ratio respectively carbon-dioxide uptake,4394,30305,64,25,16,22,0.40019333,0.25381786,0.34598884,1
1,energy source transition renewable-energy clean saving energy-efficiency use,2009,30311,35,2,6,25,0.08313815,0.18838213,0.7284797,3
2,year season period winter summer annual seasonal day,2502,30306,79,33,35,10,0.42200676,0.4444353,0.1335579,2
3,sup isotope value respectively >−</ isotopic average range,3278,30242,62,26,25,10,0.4288461,0.40644848,0.16470551,1
4,soil moisture respiration microbial content property tillage depth,2303,30301,24,7,12,4,0.29733363,0.52379286,0.17887354,2
5,social global political issue governance chapter world article,2382,30313,118,11,64,42,0.0929806,0.54532427,0.36169514,2
6,water scarcity quality availability supply drinking use desalination,2230,30298,56,11,39,6,0.1956772,0.692422,0.11190083,2
7,plant interaction abiotic medicinal fungi microbe flower grow,1528,30312,19,2,12,5,0.13179836,0.6137475,0.25445423,2
8,emission reduction reduce greenhouse-gas inventory estimate total carbon-dioxide,2269,30303,61,11,12,37,0.18644992,0.206641,0.6069091,3
9,forest stand tropical stock deforestation disturbance forestry wood,1490,30310,44,4,31,8,0.10268994,0.70747894,0.18983118,2
10,model prediction simulation predict use parameter simulate error,2218,30303,82,45,26,10,0.54939365,0.31988212,0.13072424,1
11,ice sheet antarctic greenland antarctica melt core thickness,822,30311,48,38,9,1,0.78157485,0.19393228,0.024492946,1
12,building build construction residential retrofit performance indoor comfort,1216,30312,23,1,9,13,0.04400188,0.38144678,0.5745513,3
13,carbon sink neutrality stock low carbon-emissions trading reduction,2472,30282,52,11,13,27,0.2123093,0.2620286,0.52566206,3
14,urban planning urbanization space uhi rural infrastructure environment,1244,30301,48,3,31,14,0.06727004,0.63964814,0.29308176,2
15,specie range richness invasive native niche distribution diversity,1726,30312,52,3,46,2,0.06582551,0.89343977,0.040734734,2
16,crop residue rotation tillage agriculture productivity pest maize,1164,30300,33,2,26,5,0.07090039,0.77604795,0.15305166,2
17,hydrogen electrolysis steam reforming clean carrier produce gasification,955,30308,5,0,0,4,0.048237663,0.14359799,0.80816436,3
18,power generation electric unit operation fired output voltage,1314,30302,17,1,5,10,0.06380413,0.34056774,0.5956281,3
19,risk assessment hazard exposure perception insurance safety asset,1252,30309,74,5,59,10,0.07466553,0.79167545,0.13365902,2
20,drought spei severity severe spi meteorological condition dry,1041,30309,46,12,31,1,0.28008083,0.6879242,0.031994905,2
21,lake diatom aquatic basin shallow evaporation catchment cal,847,30308,15,4,10,0,0.31835648,0.65966976,0.021973774,2
22,vehicle electric charge battery ev car hybrid charging,1042,30313,11,0,1,9,0.062189303,0.12070993,0.81710076,3
23,concrete aggregate strength construction geopolymer ash compressive mix,786,30304,5,0,2,2,0.13159773,0.41539422,0.45300806,3
24,land use cover lulc lst cropland deforestation expansion,1534,30305,63,16,32,14,0.2613084,0.5077872,0.23090434,2
25,scenario future model projection rcp pathway simulation impact,1751,30305,102,26,50,25,0.25724915,0.49336675,0.24938408,2
26,consumption energy reduce run causality per meat caput,1169,30296,18,1,5,12,0.05860094,0.27116776,0.67023134,3
27,environmental impact economic environment pollution degradation study concern,2052,30295,39,2,22,13,0.073317565,0.5784724,0.34821004,2
28,system hybrid integrate photovoltaic operation conventional propose pump,2179,30282,46,9,22,14,0.19994187,0.490857,0.30920112,2
29,health mental care healthcare impact child mortality exposure,1129,30313,48,2,38,7,0.042573143,0.7955771,0.16184974,2
30,cycle life assessment lca impact category stage gwp,1684,30312,39,8,17,13,0.21783584,0.43301395,0.34915024,2
31,fuel fossil alternative biofuels use ethanol renewable aviation,1352,30299,23,1,4,16,0.07515658,0.21639818,0.70844525,3
32,fire burn regime severity burning landscape occurrence charcoal,694,30313,34,5,25,3,0.15281864,0.75023013,0.096951246,2
33,food security diet insecurity agriculture nutrition nutritional dietary,1139,30307,46,1,32,12,0.03360358,0.6975629,0.26883352,2
34,wildfire state burn impact united smoke california severity,640,30308,27,5,17,4,0.1823285,0.6392142,0.17845728,2
35,temperature mean maximum minimum humidity day rise average,1967,30308,73,32,36,4,0.44058457,0.4915012,0.06791416,2
36,sea rise baltic sst mediterranean north atlantic variability,951,30313,58,30,25,1,0.526138,0.44083878,0.033023193,1
37,heat pump heating exchanger transfer district cooling recovery,1212,30307,35,11,20,4,0.31302622,0.5754509,0.111522846,2
38,flood flooding damage hazard flash event inundation frequency,866,30312,39,6,30,2,0.16305518,0.7747604,0.062184405,2
39,organic matter dom doc fraction som particulate compound,1004,30300,10,2,5,2,0.27628747,0.46771815,0.25599438,2
40,waste solid landfill municipal recycle msw disposal incineration,1103,30304,7,0,2,4,0.048439454,0.32272336,0.62883717,3
41,methane landfill oxidation rumen source ruminant ch4 cattle,893,30307,13,6,2,4,0.47159806,0.1894636,0.33893833,1
42,cost economic benefit reduction analysis abatement reduce price,1504,30302,39,1,15,22,0.048401814,0.38634983,0.56524837,3
43,storage cc capacity geological store battery aquifer capture,1136,30300,17,2,6,8,0.1362836,0.36100125,0.5027152,3
44,growth economic relationship gdp causality run radial economy,1423,30296,34,3,18,12,0.09913008,0.54238504,0.3584848,2
45,biomass gasification bioenergy aboveground feedstock biofuels pyrolysis agb,1096,30301,16,2,7,6,0.12851089,0.4745967,0.39689243,2
46,policy government national instrument target mitigation implementation maker,1582,30313,100,3,42,54,0.0355878,0.42110816,0.5433041,3
47,adaptation strategy local mitigation planning measure impact adapt,1207,30306,162,4,138,19,0.02993523,0.85260594,0.117458835,2
48,river basin discharge yellow yangtze hydrological delta dam,1054,30300,23,6,16,1,0.25299138,0.67840856,0.0686001,2
49,biochar pyrolysis amendment application biochars property straw feedstock,567,30310,6,1,1,4,0.17543244,0.1814875,0.64308006,3
50,wind turbine speed offshore farm hybrid renewable-energy blade,899,30311,22,10,5,5,0.47747025,0.2541138,0.26841596,1
51,ecosystem service terrestrial function provide provision value marine,1277,30302,50,6,37,6,0.12003426,0.7430835,0.13688232,2
52,challenge strategy framework sustainable address approach term transition,2289,30294,62,6,32,23,0.10576111,0.5158677,0.37837124,2
53,climate action future projection impact regional feedback justice,2073,30311,150,48,70,30,0.3257575,0.46907046,0.20517203,2
54,solar radiation photovoltaic collector panel irradiance sun renewable-energy,952,30310,15,5,3,6,0.36052758,0.21382278,0.42564967,3
55,concentration atmospheric ppm increase elevate atmosphere source sample,1172,30302,34,17,13,3,0.51031905,0.38854337,0.10113769,1
56,tree ring stand mortality pine width wood chronology,1004,30311,23,3,17,2,0.14006649,0.7533391,0.10659441,2
57,gas natural flue turbine shale lng mixture exhaust,1389,30308,12,3,3,5,0.2769636,0.24863932,0.47439706,3
58,glacier mass retreat balance glacial mountain melt debris,597,30311,23,10,11,0,0.47440937,0.4917162,0.03387443,2
59,record holocene late glacial climatic isotope early last,1640,30310,49,30,15,3,0.61131036,0.32002604,0.06866354,1
60,country develop income developed panel india global world,1271,30312,67,3,32,31,0.05630203,0.48078632,0.46291167,2
61,green finance roof bond space economy infrastructure blue,1058,30301,15,0,6,8,0.03908745,0.42723322,0.53367937,3
62,satellite monitoring sensor image measurement detection resolution accuracy,1466,30312,24,11,9,3,0.48249894,0.37842292,0.13907811,1
63,population genetic gene diversity trait size variation structure,1368,30309,38,2,29,5,0.06938677,0.7799691,0.15064414,2
64,vegetation ndvi cover dynamic type phenology difference normalized,943,30305,20,5,13,1,0.27997857,0.6520938,0.06792763,2
65,coral reef bleaching bleach marine acropora acidification colony,483,30312,40,2,36,1,0.062994,0.907657,0.029348942,2
66,soc stock organic sequestration tillage content fraction depth,703,30311,8,1,4,2,0.13293675,0.5498328,0.31723043,2
67,rainfall monsoon rain landslide variability india pattern heavy,908,30312,39,17,20,1,0.4481803,0.52199364,0.029826026,2
68,air pollution quality pollutant indoor ventilation conditioning particulate,1245,30306,29,9,11,8,0.33510008,0.38642064,0.27847925,2
69,metal heavy mining mine copper element contamination trace,686,30306,5,1,2,1,0.2597019,0.4257135,0.31458452,2
70,community microbial diversity bacterial local composition structure abundance,1314,30299,53,4,43,5,0.08591264,0.80437726,0.10971008,2
71,groundwater recharge aquifer zone hydrogeological quality discharge table,620,30312,14,2,10,0,0.1727393,0.75710666,0.070154056,2
72,factor influence analysis study climatic variable regression affect,1745,30293,38,6,22,9,0.17158443,0.5922088,0.23620673,2
73,oil palm recovery biodiesel eor crude bio petroleum,812,30309,7,0,2,4,0.09227566,0.32669592,0.5810284,3
74,rice paddy straw field husk cultivation grain season,623,30301,9,0,6,1,0.10035027,0.72255003,0.17709972,2
75,yield maize grain cultivar soybean genotype variety condition,1056,30301,24,3,17,3,0.1286267,0.7193555,0.15201777,2
76,coal mine fired mining gasification seam ash permeability,704,30309,9,0,1,7,0.03762085,0.13083525,0.831544,3
77,extreme event weather frequency day storm impact intensity,1213,30307,69,26,39,3,0.38027787,0.56219643,0.05752565,2
78,supply chain logistics manufacturer supplier retailer decision profit,924,30306,17,1,8,7,0.08571165,0.46162713,0.45266122,2
79,ocean marine circulation atlantic acidification deep global southern,1045,30312,85,52,28,4,0.6113289,0.33154982,0.057121336,1
80,fiber composite property mechanical strength performance tensile polymer,1021,30304,7,2,3,1,0.2963618,0.46140265,0.24223553,2
81,material construction raw property application use base recycle,1217,30301,10,0,3,6,0.08222326,0.3315447,0.58623207,3
82,precipitation annual moisture wet summer dry downscaling increase,1123,30308,60,40,18,1,0.6703,0.30935836,0.020341659,1
83,catalyst reaction catalytic conversion reduction selectivity methanol chemical,1072,30301,5,1,2,1,0.21120878,0.46862385,0.32016733,2
84,stress gene abiotic tolerance response physiological expression mechanism,1079,30306,22,3,16,1,0.170792,0.7454368,0.0837712,2
85,network neural learning prediction deep artificial ann lstm,991,30302,16,3,9,4,0.18083423,0.5531145,0.26605126,2
86,tourism tourist destination travel sustainable impact activity ski,428,30309,13,0,11,1,0.060512304,0.82016945,0.11931832,2
87,transportation road traffic infrastructure travel pavement freight mode,849,30312,13,1,5,7,0.09452162,0.38576415,0.51971424,3
88,engine diesel biodiesel blend exhaust cylinder ignition injection,785,30309,4,1,1,1,0.24630071,0.2838081,0.4698912,3
89,wetland marsh restoration landscape tidal wetlands peat hydrological,523,30308,11,2,7,1,0.21871534,0.6812822,0.10000247,2
90,thermal comfort insulation cooling indoor cool tolerance performance,1056,30308,15,3,9,2,0.2540797,0.59396935,0.15195096,2
91,city plan local pilot smart industrial planning governance,902,30306,40,1,24,14,0.044505555,0.59173834,0.36375606,2
92,industry sector industrial construction manufacturing company paper decarbonization,1240,30303,26,1,9,14,0.073238716,0.36886126,0.5579,3
93,china province chinese intensity peak northeast east neutrality,1091,30297,21,5,6,9,0.2598339,0.31752124,0.42264482,3
94,trend station series test mann kendall significant analysis,1371,30307,59,31,22,5,0.5285696,0.38061157,0.090818845,1
95,research review science literature analysis field study article,1972,30306,63,7,39,15,0.12633662,0.6225408,0.2511226,2
96,erosion loss slope landscape shoreline beach degradation watershed,653,30311,19,2,14,2,0.13389836,0.7528273,0.11327436,2
97,vulnerability adaptive exposure capacity social assessment vulnerable hazard,852,30300,71,3,61,6,0.04608531,0.8607829,0.09313181,2
98,flux measurement eddy estimate sink exchange respiration covariance,993,30306,25,15,7,3,0.59953016,0.2800739,0.12039592,1
99,disease vector pathogen virus borne infection infectious dengue,920,30313,33,1,28,2,0.05508138,0.870545,0.07437366,2
100,technology new application adoption technological cc advanced clean,1300,30309,26,1,6,18,0.04323536,0.25112033,0.7056443,3
101,adsorption adsorbent capacity pore porous sorbent zeolite isotherm,870,30295,6,0,4,1,0.12367393,0.6253245,0.25100157,2
102,membrane separation selectivity polymer permeability performance permeance hollow,566,30303,2,0,0,1,0.15790656,0.4037528,0.43834054,3
103,ghg mitigation greenhouse-gas ghgs sector greenhouse-gases target livestock,854,30309,32,3,7,21,0.11281529,0.22407816,0.6631065,3
104,reservoir injection pressure permeability rock fluid fracture well,1063,30310,10,3,4,2,0.32768485,0.4389501,0.233365,2
105,spatial scale temporal pattern regional variability large variation,1586,30288,57,22,27,8,0.38317892,0.4744261,0.14239502,2
106,market price trading mechanism ets scheme allowance volatility,968,30312,21,0,7,12,0.04639204,0.3609016,0.5927064,3
107,mangrove blue stock restoration ecosystem avicennia rhizophora seagrass,415,30307,18,0,13,3,0.051060233,0.74780464,0.20113513,2
108,change climatic response shift future pattern may affect,1920,30309,102,34,54,12,0.33956254,0.53593546,0.12450199,2
109,treatment wastewater sludge removal sewage recovery effluent treat,894,30295,7,0,4,2,0.12645248,0.5490851,0.3244624,2
110,snow cover winter snowmelt depth snowpack snowfall albedo,674,30310,25,13,10,1,0.52738005,0.41900253,0.053617407,1
111,increase warm warming decrease response century global cold,1739,30304,99,40,47,11,0.40475306,0.48071575,0.11453115,2
112,disaster natural hazard landslide damage emergency reduction preparedness,736,30306,30,3,24,3,0.11449382,0.7849025,0.10060364,2
113,production produce biofuel ethanol biofuels livestock bioethanol fermentation,1512,30298,30,2,17,10,0.08664431,0.57291025,0.34044546,2
114,fertilizer manure application fertilization chemical urea compost field,858,30282,10,1,4,3,0.18449366,0.47190553,0.34360087,2
115,arctic tundra polar svalbard summer warming russian shipping,581,30311,36,18,16,1,0.50160253,0.45354554,0.044851813,1
116,area study protect suitable zone protected potential rural,1612,30298,46,7,32,6,0.16783527,0.6956848,0.1364799,2
117,human activity environment natural anthropogenic earth impact animal,1328,30306,47,8,29,8,0.17978886,0.63073224,0.18947893,2
118,leaf trait stomatal functional photosynthesis photosynthetic canopy content,914,30303,12,2,8,0,0.24212576,0.6891325,0.06874173,2
119,data use information center analysis set collect weather,2047,30303,46,15,22,7,0.34396926,0.49231476,0.16371597,2
120,agricultural agriculture sector productivity practice rural farming impact,1050,30309,31,2,21,7,0.067356735,0.6981823,0.23446098,2
121,farmer farm livestock dairy smallholder farming milk adoption,867,30310,34,1,28,4,0.032082114,0.8360534,0.13186449,2
122,co2 ch4 sequestration carbon-dioxide co2-emissions atmosphere utilization eor,749,30304,8,3,2,3,0.3550448,0.29463035,0.35032487,1
123,efficiency performance exergy improve improvement turbine analysis output,1306,30276,12,1,4,5,0.15104938,0.37293002,0.47602054,3
124,product wood consumer value use produce bio manufacturer,1075,30307,17,3,6,7,0.22085634,0.36391208,0.4152316,3
125,education student school learning teacher university knowledge science,911,30312,16,1,10,4,0.09206444,0.63657224,0.27136326,2
126,transport sector mobility freight road mode rail passenger,878,30306,26,7,6,12,0.28897882,0.24916467,0.4618565,3
127,optimization algorithm multi objective propose problem optimal solution,1475,30298,14,2,7,4,0.17847557,0.48691416,0.3346102,2
128,smart iot agriculture sensor internet thing intelligence artificial,732,30307,9,0,6,3,0.054625876,0.6050138,0.3403603,2
129,cement strength ash mortar compressive portland fly slag,788,30307,6,1,1,3,0.21432048,0.26056704,0.5251125,3
130,wave height storm beach coast mortality frequency rossby,564,30308,24,9,13,1,0.4017315,0.54829365,0.04997485,2
131,uncertainty decision projection estimate ensemble robust sensitivity stochastic,971,30312,63,27,25,9,0.43748978,0.40662324,0.155887,1
132,cloud feedback radiative computing compute radiation center convective,574,30313,29,23,3,1,0.81928647,0.12493982,0.055773735,1
133,permafrost thaw layer ground degradation freeze frozen active,545,30308,20,8,10,0,0.43254608,0.5208365,0.046617363,2
134,grid charge microgrid voltage connect photovoltaic source integration,761,30304,10,3,3,3,0.30326682,0.34275404,0.3539791,3
135,high low value density show compare latitude altitude,2139,30262,52,14,24,13,0.2764163,0.46967268,0.253911,2
136,electricity generation renewable sector mix hydropower price generate,1018,30309,20,1,5,14,0.051531944,0.2589108,0.6895573,3
137,biodiversity conservation diversity loss protect nature threat landscape,1072,30307,39,2,31,6,0.05301246,0.7892139,0.15777369,2
138,region regional arid central western eastern semi mediterranean,1419,30286,59,19,32,6,0.33677185,0.54734415,0.115884,2
139,flow stream regime catchment fluid streamflow debris hydrological,965,30310,17,5,9,2,0.29952088,0.53526205,0.16521706,2
140,sustainability sustainable practice goal social indicator business sustainable-development,1274,30302,19,0,10,8,0.03728712,0.5343036,0.4284093,2
141,nitrogen oxide deposition nitrate denitrification nitrous nitrification fixation,835,30302,9,3,4,1,0.365869,0.43636653,0.19776455,2
142,irrigation drip irrigated requirement deficit irrigate use moisture,615,30308,14,1,10,1,0.12126533,0.74370134,0.1350333,2
143,fish fishery marine fishing aquaculture stock catch freshwater,725,30311,36,1,32,1,0.052535202,0.90187263,0.045592256,2
144,resource natural renewable utilization allocation geothermal depletion extraction,1283,30303,33,3,21,8,0.10646791,0.6431955,0.25033665,2
145,process chemical methanol steam gasification distillation produce step,1614,30300,31,7,16,7,0.2424945,0.52311075,0.2343947,2
146,tax price subsidy revenue taxation government equilibrium welfare,584,30312,22,0,4,17,0.037830662,0.1809809,0.78118837,3
147,coastal coast storm zone rise beach shoreline marine,854,30304,45,6,36,2,0.13840821,0.79635096,0.06524087,2
148,design tool performance engineering architecture approach paper structure,1357,30309,21,2,11,7,0.120506294,0.5259645,0.35352924,2
149,habitat distribution suitable suitability maxent future range niche,1303,30308,38,5,29,3,0.13108955,0.76556134,0.10334912,2
150,financial firm investment company corporate finance disclosure governance,1017,30309,26,1,12,12,0.04460755,0.4705023,0.48489016,3
151,sediment core sedimentary sedimentation deposition deposit seagrass catchment,731,30311,11,3,6,0,0.2948006,0.6172701,0.087929316,2
152,demand side supply meet response increase grow heating,1095,30296,30,2,12,15,0.079087526,0.40180108,0.5191114,3
153,management decision practice manage planning tool making strategy,1470,30304,44,2,33,8,0.05802942,0.76012856,0.18184194,2
154,effect negative positive interaction greenhouse study affect direct,1933,30301,56,11,32,12,0.21055615,0.5750453,0.21439855,2
155,development economic new financial economy goal sustainable-development promote,1439,30305,42,3,24,14,0.08456321,0.5662056,0.34923115,2
156,resilience infrastructure resilient adaptive capacity governance enhance recovery,803,30293,38,1,32,5,0.031603657,0.8303666,0.1380297,2
157,surface radiation earth layer albedo atmosphere lst moisture,1159,30308,46,32,11,2,0.70663637,0.24392913,0.04943446,1
158,runoff hydrological catchment watershed streamflow basin annual swat,726,30310,18,6,11,1,0.33742338,0.5901921,0.072384566,2
159,elevation plateau mountain alpine tibetan gradient altitude qinghai,798,30293,19,6,12,0,0.34150022,0.62741876,0.031081004,2
160,site heritage location specific sample two across archaeological,1076,30308,20,4,13,2,0.20202595,0.66248703,0.13548702,2
161,trade international law agreement offs legal cap export,984,30311,41,3,16,21,0.07628447,0.39474067,0.5289749,3
162,rate mortality time respiration mass accumulation per constant,1251,30297,32,9,16,5,0.310046,0.5088837,0.1810703,2
163,load operation peak propose flexible capacity response scheduling,798,30302,8,1,4,2,0.1903074,0.5065955,0.30309716,2
164,root fine shoot error seedling respiration length mean,661,30309,7,1,4,1,0.24508812,0.57152474,0.18338713,2
165,index value indicator correlation ndvi analysis spi use,1118,30298,25,10,12,2,0.4162216,0.49020138,0.093577094,2
166,project construction cdm projection future phase cc cmip6,1122,30312,66,22,33,10,0.33600438,0.50593394,0.15806165,2
167,acid protein diet fatty fermentation amino feed rumen,1009,30306,9,1,4,3,0.11918716,0.5432261,0.33758667,2
168,nuclear reactor safety security uranium accident japan new,455,30313,8,1,2,4,0.13799724,0.32099092,0.5410118,3
169,litter microbial decomposition activity cycling peat loss enzyme,684,30302,7,2,3,1,0.28449062,0.48579544,0.22971396,2
170,aerosol particle dust radiative forcing optical aod atmospheric,628,30311,43,34,5,2,0.7974738,0.13445015,0.06807603,1
171,carbonation carbonate mineral reaction calcium rock dissolution slag,876,30301,6,1,2,2,0.26157048,0.4056179,0.33281162,2
172,hydrate formation phase dissociation pore pressure stability form,545,30306,5,2,1,1,0.44549438,0.34148914,0.21301645,1
173,pollen cal peat holocene dry peatland bog allergic,487,30304,7,2,4,0,0.29745385,0.61546797,0.08707826,2
174,nutrient phytoplankton bloom phosphorus microalgae algal algae diatom,829,30307,16,2,11,2,0.16979308,0.69027114,0.13993582,2
175,plastic pollution polymer packaging recycle marine bio biodegradable,525,30313,5,0,2,2,0.10893197,0.51621205,0.37485594,2
176,ecological restoration footprint landscape niche ecology quality zone,984,30293,24,1,19,3,0.06620811,0.7901616,0.14363028,2
177,capture solvent absorption amine liquid cc mea regeneration,1112,30307,14,3,4,7,0.21155946,0.27675304,0.51168746,3
178,household income rural livelihood woman gender poverty survey,766,30306,49,0,33,15,0.014465433,0.667046,0.31848863,2
179,migration phenology bird migrant spring migratory timing phenological,684,30304,40,3,33,3,0.080161035,0.84074587,0.079093136,2
180,control greenhouse strategy controller voltage dynamic pest predictive,1146,30300,18,5,8,3,0.3090342,0.49568892,0.19527695,2
181,grassland graze grazing grass degradation steppe pasture livestock,556,30304,9,1,7,1,0.10646035,0.7374148,0.15612492,2
182,level rise impact slr national tide regional different,1383,30300,61,13,34,13,0.22244082,0.5515123,0.22604685,2
183,seed germination seedling dispersal dormancy bank regeneration trait,535,30311,7,0,5,0,0.11969953,0.7708132,0.10948725,2
184,pacific enso tropical niño oscillation sst variability anomaly,1029,30308,77,56,19,2,0.7272809,0.24606578,0.026653305,1
185,wheat winter grain straw tillage triticum genotype cultivar,546,30299,10,2,7,0,0.24044196,0.68880534,0.07075273,2
186,digital economy twin transformation digitalization platform intelligence enterprise,607,30308,8,0,3,3,0.06786875,0.46411255,0.46801865,3
187,africa south african north east asia sub saharan,832,30306,52,13,31,8,0.25332233,0.5921555,0.15452214,2
188,biogas anaerobic digestion biomethane manure sludge digester digestate,480,30308,4,0,1,2,0.09685287,0.3288384,0.57430875,3
189,steel iron slag furnace reduction corrosion blast steelmaking,650,30306,9,1,2,5,0.13990457,0.29606774,0.56402767,3
190,salinity salt saline marsh freshwater estuary brine salinization,577,30296,11,4,6,0,0.3801989,0.5652281,0.054573115,2
191,combustion ammonia oxygen flame oxy ignition clc carrier,802,30298,5,1,1,2,0.24908279,0.3113211,0.43959615,3
192,method use propose base analysis approach result technique,2031,30308,33,9,15,8,0.27937633,0.47207472,0.24854903,2
193,innovation technological enterprise patent transition eco panel regulation,687,30292,18,0,5,12,0.037686143,0.28353536,0.6787785,3
194,cell battery lithium ion hybrid electrochemical electrode anode,789,30310,6,1,1,2,0.28689253,0.28637305,0.42673445,3
195,light intensity greenhouse photosynthesis photosynthetic lighting photocatalytic absorption,848,30308,16,4,7,4,0.25583285,0.46483162,0.27933547,2
196,ozone stratospheric depletion tropospheric stratosphere refrigerant layer chemistry,567,30313,27,18,6,2,0.66895086,0.22535552,0.10569364,1
197,net npp productivity zero primary gpp sink nep,900,30285,29,6,12,11,0.20394537,0.41862565,0.377429,2
198,island uhi small pacific state antarctic canary archipelago,586,30313,29,4,22,1,0.16447255,0.7692021,0.06632529,2
199,public perception communication medium private government information attitude,1106,30313,43,2,24,16,0.06291144,0.5550077,0.38208085,2
