year,Energy,Cross-sectoral,Transport,AFOLU,Buildings,Industry,Waste,policy_total
1987,0,1,0,0,0,0,0,1
1988,0,6,0,0,0,0,0,6
1989,5,8,2,1,0,1,0,17
1990,19,18,11,0,1,5,0,54
1991,38,24,9,2,3,3,1,80
1992,27,37,14,4,0,5,0,87
1993,54,44,13,2,3,0,0,116
1994,54,57,16,12,4,6,1,150
1995,45,69,11,17,2,3,2,149
1996,51,56,15,11,3,3,9,148
1997,67,67,23,23,2,16,1,199
1998,98,127,20,21,7,22,10,305
1999,93,147,25,35,7,48,4,359
2000,134,129,53,76,27,37,6,462
2001,140,192,35,55,19,23,7,471
2002,154,206,40,60,16,31,16,523
2003,188,233,49,69,29,47,10,625
2004,230,236,76,89,24,64,12,731
2005,307,298,79,119,35,85,22,945
2006,334,285,101,100,56,74,24,974
2007,472,364,199,145,92,88,51,1411
2008,512,419,204,187,149,89,52,1612
2009,646,678,324,259,138,161,53,2259
2010,805,784,349,328,149,144,62,2621
2011,832,792,363,394,219,137,54,2791
2012,753,760,405,390,204,171,71,2754
2013,862,831,389,434,238,169,49,2972
2014,991,754,415,429,252,153,61,3055
2015,882,850,381,456,282,140,52,3043
2016,1066,931,419,453,314,198,90,3471
2017,1147,1141,531,517,345,242,95,4018
2018,1333,1304,558,557,379,224,130,4485
2019,1418,1305,612,552,523,286,114,4810
2020,1656,1549,679,634,525,280,131,5454
2021,2163,2033,935,799,593,378,194,7095
2022,3048,2762,1189,952,773,607,228,9559
2023,3427,3309,1457,1108,953,758,268,11280
2024,3980,3673,1558,1339,1024,889,292,12755
2025,4076,4251,1920,1468,1179,985,361,14240
2026,2606,2842,1176,1085,749,741,274,9473
2027,22,12,9,6,2,2,3,56
