year,docs,wg3_hard,wg3_soft,wg3_hard_share
1990,1560,206,307,0.13205128205128205
1991,2112,318,488,0.15056818181818182
1992,2170,299,458,0.13778801843317973
1993,2494,347,534,0.13913392141138733
1994,2423,387,583,0.15971935617003716
1995,3020,424,682,0.1403973509933775
1996,3496,467,756,0.1335812356979405
1997,4035,536,831,0.1328376703841388
1998,4563,667,1045,0.14617576156037695
1999,5195,819,1194,0.15765158806544755
2000,5657,947,1399,0.16740321725296092
2001,5809,971,1410,0.16715441556205887
2002,6669,1094,1577,0.1640425850952167
2003,7745,1408,2057,0.1817947062621046
2004,9775,1724,2575,0.1763682864450128
2005,11647,2279,3201,0.19567270541770412
2006,12346,2335,3319,0.18913008261785194
2007,15121,3162,4332,0.20911315389193835
2008,17614,3862,5282,0.21925740887930056
2009,21920,5288,7260,0.24124087591240875
2010,25661,6235,8593,0.24297572191263006
2011,30528,7283,10226,0.2385678721174004
2012,31876,7344,10325,0.23039277199146693
2013,38143,8362,12108,0.21922764334215977
2014,39971,8911,12969,0.22293662905606565
2015,42737,9057,13043,0.21192409387650046
2016,46531,9833,14464,0.21132148460166342
2017,51919,11737,16797,0.226063676110865
2018,56773,12286,17918,0.21640568580134922
2019,63870,14040,20126,0.21982151244715828
2020,75223,16468,23578,0.2189224040519522
2021,91521,20854,29532,0.2278602725057637
2022,108161,27721,38331,0.25629385822986106
2023,124854,33421,46475,0.2676806510003684
2024,152028,40960,56851,0.26942405346383563
2025,180220,47546,65548,0.26382199533903006
