class_wg,year,docs,cited_own,share_cited_own
1,1985,129,1,0.007751937984496124
1,1986,109,1,0.009174311926605505
1,1987,122,1,0.00819672131147541
1,1988,121,0,0.0
1,1989,176,0,0.0
1,1990,254,2,0.007874015748031496
1,1991,319,1,0.003134796238244514
1,1992,318,3,0.009433962264150943
1,1993,369,2,0.005420054200542005
1,1994,376,2,0.005319148936170213
1,1995,482,6,0.012448132780082987
1,1996,541,2,0.0036968576709796672
1,1997,621,12,0.01932367149758454
1,1998,664,4,0.006024096385542169
1,1999,914,16,0.0175054704595186
1,2000,952,14,0.014705882352941176
1,2001,829,21,0.025331724969843185
1,2002,1009,23,0.022794846382556987
1,2003,1014,32,0.03155818540433925
1,2004,1458,25,0.017146776406035666
1,2005,1556,50,0.032133676092544985
1,2006,1747,51,0.02919290211791643
1,2007,1666,35,0.02100840336134454
1,2008,1697,49,0.028874484384207425
1,2009,1673,62,0.03705917513448894
1,2010,1724,72,0.04176334106728538
1,2011,1889,92,0.048703017469560614
1,2012,2023,149,0.07365299060800791
1,2013,2662,324,0.1217129977460556
1,2014,2353,290,0.12324691882702933
1,2015,2424,336,0.13861386138613863
1,2016,2661,396,0.1488162344983089
1,2017,2837,419,0.14769122312301727
1,2018,2818,425,0.15081618168914124
1,2019,2992,413,0.13803475935828877
1,2020,3045,363,0.11921182266009853
1,2021,3363,91,0.02705917335712162
1,2022,3558,3,0.0008431703204047217
1,2023,3647,0,0.0
1,2024,3932,0,0.0
2,1985,455,0,0.0
2,1986,413,1,0.002421307506053269
2,1987,473,1,0.0021141649048625794
2,1988,607,1,0.0016474464579901153
2,1989,926,0,0.0
2,1990,1219,0,0.0
2,1991,1654,0,0.0
2,1992,1721,0,0.0
2,1993,1990,4,0.0020100502512562816
2,1994,1881,5,0.002658160552897395
2,1995,2376,1,0.00042087542087542086
2,1996,2749,0,0.0
2,1997,3173,7,0.002206114087614245
2,1998,3560,5,0.0014044943820224719
2,1999,3956,5,0.0012639029322548028
2,2000,4259,9,0.002113172106128199
2,2001,4549,22,0.0048362277423609585
2,2002,5202,14,0.002691272587466359
2,2003,6114,18,0.002944062806673209
2,2004,7531,22,0.0029212587969725135
2,2005,9147,28,0.0030611129332021427
2,2006,9591,31,0.0032321968512146805
2,2007,12105,48,0.003965303593556382
2,2008,14277,60,0.004202563563773902
2,2009,18004,115,0.006387469451233059
2,2010,21319,175,0.008208640180121018
2,2011,25713,195,0.007583712518959281
2,2012,27030,266,0.009840917499075102
2,2013,32282,532,0.016479772009169197
2,2014,34247,903,0.02636727304581423
2,2015,36987,1290,0.034877118987752455
2,2016,40288,1606,0.03986298649722002
2,2017,44776,1765,0.039418438449169195
2,2018,49594,2263,0.04563051982094608
2,2019,55976,2434,0.04348292125196513
2,2020,66669,2054,0.03080892168774093
2,2021,81167,1189,0.014648810477164365
2,2022,95081,125,0.0013146685457662414
2,2023,110098,40,0.000363312685062399
2,2024,134942,32,0.00023713891894295327
3,1985,3,0,0.0
3,1986,2,0,0.0
3,1987,6,0,0.0
3,1988,10,0,0.0
3,1989,54,0,0.0
3,1990,87,0,0.0
3,1991,139,0,0.0
3,1992,131,0,0.0
3,1993,135,0,0.0
3,1994,166,2,0.012048192771084338
3,1995,162,1,0.006172839506172839
3,1996,206,0,0.0
3,1997,241,1,0.004149377593360996
3,1998,339,0,0.0
3,1999,325,2,0.006153846153846154
3,2000,446,2,0.004484304932735426
3,2001,431,0,0.0
3,2002,458,1,0.002183406113537118
3,2003,617,1,0.0016207455429497568
3,2004,786,1,0.001272264631043257
3,2005,944,1,0.001059322033898305
3,2006,1008,6,0.005952380952380952
3,2007,1350,3,0.0022222222222222222
3,2008,1640,5,0.003048780487804878
3,2009,2243,8,0.0035666518056174765
3,2010,2618,14,0.0053475935828877
3,2011,2926,22,0.007518796992481203
3,2012,2823,37,0.013106624158696423
3,2013,3199,35,0.010940919037199124
3,2014,3371,62,0.018392168495995252
3,2015,3326,82,0.02465423932651834
3,2016,3582,138,0.038525963149078725
3,2017,4306,173,0.04017649790989317
3,2018,4361,189,0.04333868378812199
3,2019,4902,208,0.04243166054671563
3,2020,5509,205,0.03721183517879833
3,2021,6991,146,0.020883993706193676
3,2022,9522,10,0.0010501995379122034
3,2023,11109,3,0.00027005130974885227
3,2024,13154,0,0.0
